{
  "Pd": 0.7734458866009527,
  "Pfa": 6.161182315248777e-05,
  "Precision": 0.9095656165719809,
  "F1": 0.8360011602572767,
  "input_mode": "mag_phase",
  "base_ch": 32
}