{
  "train_loss": [
    0.2887487480401993,
    0.10649501625418663,
    0.10032697943925857,
    0.09550111609458924,
    0.09221503794431686,
    0.09029554106712341,
    0.08825300758838654,
    0.08798129979133607,
    0.08594665610551834,
    0.08555266221284866,
    0.08390248234272003,
    0.08401799198687077,
    0.08301515727758407,
    0.08173381750583648,
    0.08083204612731934,
    0.08076039637088776,
    0.0791516045808792,
    0.07874819846630096,
    0.078024406580925,
    0.07729476112365723,
    0.07641199045658112,
    0.07575877900838852,
    0.07069056279182434,
    0.06969140208244323,
    0.06852346759200097,
    0.06796795815229416,
    0.0668519664311409,
    0.06624040828943252,
    0.06580527406215668,
    0.06494086910009385
  ],
  "val_loss": [
    0.11581522921323777,
    0.10183544526100159,
    0.10049802504777908,
    0.09573646448850631,
    0.09414092264175415,
    0.09506530704498291,
    0.09352611908912659,
    0.09168489574193954,
    0.09145809664726258,
    0.0891281679391861,
    0.08965026913881302,
    0.09089594848155975,
    0.09138071274757385,
    0.08893686141967773,
    0.09151025786399841,
    0.08837472605705261,
    0.08915228826999665,
    0.09017659894227982,
    0.09088592734336853,
    0.09080042670965195,
    0.0991983399271965,
    0.08915079238414765,
    0.0880646230340004,
    0.08820753263235093,
    0.08783393028974533,
    0.08763244553804397,
    0.0877734359383583,
    0.0906417820930481,
    0.08832170671224594,
    0.0880539381146431
  ],
  "epoch_time": [
    260.5305984020233,
    260.97629380226135,
    261.1141400337219,
    261.1148977279663,
    261.1176378726959,
    261.1273672580719,
    261.3033893108368,
    261.0605146884918,
    261.0590269565582,
    261.02814841270447,
    260.98076009750366,
    260.9987394809723,
    261.0116865634918,
    261.0681006908417,
    260.79074478149414,
    260.64208006858826,
    260.5206241607666,
    260.471825838089,
    260.48739647865295,
    260.39744758605957,
    260.6002240180969,
    260.4029576778412,
    260.3709135055542,
    260.40407729148865,
    260.394291639328,
    260.51556611061096,
    262.4836781024933,
    260.8262119293213,
    261.7452790737152,
    261.7158408164978
  ]
}