{
  "Pd": 0.7698838684492986,
  "Pfa": 6.208094870948642e-05,
  "Precision": 0.9085569503627727,
  "F1": 0.8334918118890586,
  "input_mode": "mag_phase",
  "base_ch": 16
}