{
  "train_loss": [
    0.3198656003832817,
    0.11070910184979439,
    0.1025366019320488,
    0.09799381028652192,
    0.0949189301109314,
    0.09251694315433502,
    0.09093490265607834,
    0.09043492983102798,
    0.08908325994491577,
    0.08802116159915924,
    0.0878472178888321,
    0.08673170023918152,
    0.08610062588214874,
    0.08570343043327332,
    0.08574717220544815,
    0.08474674422740937,
    0.08380988940000535,
    0.08412489593029022,
    0.08317942479610443,
    0.08308612733840942,
    0.08193012534618378,
    0.0815293722987175,
    0.08138202484369278,
    0.08072177356004714,
    0.07671900679588319,
    0.07570467468500137,
    0.07508083782911301,
    0.07433002335309982,
    0.07432027679443359,
    0.07332462941408158
  ],
  "val_loss": [
    0.11770474400520324,
    0.10770745006799698,
    0.10021478093862533,
    0.09633394548892975,
    0.10198332133293152,
    0.09494715068340301,
    0.09856256240606308,
    0.09124925748109818,
    0.0937301851272583,
    0.0938404581785202,
    0.09668741899728775,
    0.09355021363496781,
    0.09026378710269928,
    0.09298213503360749,
    0.09741435568332672,
    0.09017474836111068,
    0.08926321126222611,
    0.08820319371223449,
    0.09103370934724808,
    0.09258001654148101,
    0.0904866968512535,
    0.0895069257736206,
    0.08938228846788407,
    0.088676018679142,
    0.08754770706892014,
    0.08752908866405487,
    0.08689167001247405,
    0.08680038998126983,
    0.08752643370628357,
    0.08704260536432266
  ],
  "epoch_time": [
    133.52030992507935,
    133.8877682685852,
    134.42428612709045,
    134.4583215713501,
    134.4770827293396,
    134.34153032302856,
    134.43401074409485,
    134.73043704032898,
    134.6176302433014,
    134.52065920829773,
    134.56526231765747,
    134.44163489341736,
    136.70780444145203,
    135.31849265098572,
    135.147132396698,
    134.96593475341797,
    135.04805278778076,
    134.94428491592407,
    134.96078491210938,
    135.10925579071045,
    136.20709776878357,
    134.78410005569458,
    134.9858524799347,
    134.84058785438538,
    134.8050718307495,
    134.85143208503723,
    134.87223720550537,
    134.83386969566345,
    136.00798892974854,
    135.52043414115906
  ]
}